ProductID,Category,Sub Category,Product Name ,Price,COGSPrice,Discount
PRO00001,Office Supplies,Storage,Pinebrook Storage ,299,150,0.1
PRO00002,Office Supplies,Supplies,Pinecarft Wood Stain ,29.99,12.5,0.1
PRO00003,Office Supplies,Storage,Pinebrook Storage ,299,150,0.11
PRO00004,Office Supplies,Paper,Paper Flow Organizer,19.99,9.5,0.12
PRO00005,Furniture,Furnishings,Cozyhaven Throw,59,30,0.12
PRO00006,Office Supplies,Paper,Paper Flow Organizer,19.99,9.5,0.1
PRO00007,Technology,Machines,AutoMach Nova,2299,2165,0
PRO00008,Office Supplies,Appliances,Calculator,25,19,0
PRO00009,Technology,Copiers,Tech Replica Pro,49.99,30.99,0
PRO00010,Furniture,Chairs,Relaxo Chair,199,120,0
PRO00011,Office Supplies,Storage,Pinebrook Storage ,299,150,0
PRO00012,Furniture,Tables,Liberty Dining Table,899,450,0
PRO00013,Furniture,Bookcases,BookNest Pro ,249,150,0.12
PRO00014,Technology,Copiers,Tech Replica Pro,49.99,30.99,0.15
PRO00015,Furniture,Chairs,Relaxo Chair,199,120,0.12
PRO00016,Technology,Phones,Iphone 15,1299,999.99,0.1
PRO00017,Office Supplies,Appliances,Calculator,25,19,0.1
PRO00018,Technology,Accessories,Projector,999,699,0.1
PRO00019,Furniture,Chairs,Relaxo Chair,199,120,0.12
PRO00020,Office Supplies,Storage,Pinebrook Storage ,299,150,0
PRO00021,Office Supplies,Labels,Clearmark Labels,12.99,6.5,0
PRO00022,Office Supplies,Art,Highlighter,99,47,0
PRO00023,Office Supplies,Storage,Pinebrook Storage ,299,150,0.1
PRO00024,Office Supplies,Supplies,Pinecarft Wood Stain ,29.99,12.5,0.12
PRO00025,Office Supplies,Envelopes,RoyalSeal Envelopes,12.99,5.5,0.13
PRO00026,Office Supplies,Fasteners,Secure Fix ,14.99,7.5,0
PRO00027,Office Supplies,Fasteners,Secure Fix ,14.99,7.5,0
PRO00028,Furniture,Bookcases,BookNest Pro ,249,150,0.12
PRO00029,Technology,Accessories,Projector,999,699,0.1
PRO00030,Office Supplies,Envelopes,RoyalSeal Envelopes,12.99,5.5,0.12
PRO00031,Office Supplies,Art,Highlighter,99,47,0.1
PRO00032,Office Supplies,Supplies,Pinecarft Wood Stain ,29.99,12.5,0.1
PRO00033,Technology,Copiers,Tech Replica Pro,49.99,30.99,0.11
PRO00034,Office Supplies,Envelopes,RoyalSeal Envelopes,12.99,5.5,0.12
PRO00035,Furniture,Chairs,Relaxo Chair,199,120,0.12
PRO00036,Technology,Accessories,Projector,999,699,0.1
PRO00037,Office Supplies,Envelopes,RoyalSeal Envelopes,12.99,5.5,0
PRO00038,Office Supplies,Art,Highlighter,99,47,0
PRO00039,Office Supplies,Paper,Paper Flow Organizer,19.99,9.5,0
PRO00040,Office Supplies,Labels,Clearmark Labels,12.99,6.5,0
PRO00041,Office Supplies,Storage,Pinebrook Storage ,299,150,0
PRO00042,Office Supplies,Art,Highlighter,99,47,0
PRO00043,Office Supplies,Binders,ProFile Binder,12.99,6,0.12
PRO00044,Office Supplies,Appliances,Calculator,25,19,0.15
PRO00045,Office Supplies,Art,Highlighter,99,47,0.12
PRO00046,Office Supplies,Art,Highlighter,99,47,0.1
PRO00047,Office Supplies,Storage,Pinebrook Storage ,299,150,0.1
PRO00048,Furniture,Furnishings,Cozyhaven Throw,59,30,0.1
PRO00049,Office Supplies,Labels,Clearmark Labels,12.99,6.5,0.12
PRO00050,Office Supplies,Binders,ProFile Binder,12.99,6,0
PRO00051,Furniture,Furnishings,Cozyhaven Throw,59,30,0
PRO00052,Office Supplies,Storage,Pinebrook Storage ,299,150,0.1
PRO00053,Office Supplies,Storage,Pinebrook Storage ,299,150,0.1
PRO00054,Office Supplies,Fasteners,Secure Fix ,14.99,7.5,0.11
PRO00055,Office Supplies,Paper,Paper Flow Organizer,19.99,9.5,0.12
PRO00056,Technology,Accessories,Projector,999,699,0.12
PRO00057,Office Supplies,Envelopes,RoyalSeal Envelopes,12.99,5.5,0.1
PRO00058,Office Supplies,Art,Highlighter,99,47,0
PRO00059,Furniture,Chairs,Relaxo Chair,199,120,0
PRO00060,Office Supplies,Binders,ProFile Binder,12.99,6,0
PRO00061,Technology,Phones,Iphone 15,1299,999.99,0
PRO00062,Office Supplies,Storage,Pinebrook Storage ,299,150,0
PRO00063,Technology,Machines,AutoMach Nova,2299,2165,0
PRO00064,Technology,Accessories,CPU Cooler,99,54,0.12
PRO00065,Office Supplies,Storage,Pinebrook Storage ,299,150,0.15
PRO00066,Technology,Machines,AutoMach Nova,2299,2165,0.12
PRO00067,Technology,Copiers,Tech Replica Pro,49.99,30.99,0.1
PRO00068,Technology,Phones,Iphone 15,1299,999.99,0.1
PRO00069,Office Supplies,Art,Highlighter,99,47,0.1
PRO00070,Office Supplies,Fasteners,Secure Fix ,14.99,7.5,0.12
PRO00071,Furniture,Bookcases,BookNest Pro ,249,150,0.1
PRO00072,Office Supplies,Paper,Paper Flow Organizer,19.99,9.5,0.1
PRO00073,Office Supplies,Art,Highlighter,99,47,0.11
PRO00074,Office Supplies,Fasteners,Secure Fix ,14.99,7.5,0.12
PRO00075,Office Supplies,Binders,ProFile Binder,12.99,6,0.12
PRO00076,Office Supplies,Art,Highlighter,99,47,0.1
PRO00077,Office Supplies,Art,Highlighter,99,47,0
PRO00078,Furniture,Furnishings,Cozyhaven Throw,59,30,0
PRO00079,Office Supplies,Fasteners,Secure Fix ,14.99,7.5,0
PRO00080,Office Supplies,Paper,Paper Flow Organizer,19.99,9.5,0
PRO00081,Office Supplies,Labels,Clearmark Labels,12.99,6.5,0
PRO00082,Office Supplies,Art,Highlighter,99,47,0
PRO00083,Office Supplies,Art,Highlighter,99,47,0.12
PRO00084,Furniture,Bookcases,BookNest Pro ,249,150,0.15
PRO00085,Technology,Machines,AutoMach Nova,2299,2165,0.12
PRO00086,Furniture,Bookcases,BookNest Pro ,249,150,0.1
PRO00087,Office Supplies,Storage,Pinebrook Storage ,299,150,0.1
PRO00088,Furniture,Furnishings,Cozyhaven Throw,59,30,0.1
PRO00089,Office Supplies,Binders,ProFile Binder,12.99,6,0.12
PRO00090,Office Supplies,Art,Highlighter,99,47,0
PRO00091,Office Supplies,Binders,ProFile Binder,12.99,6,0
PRO00092,Office Supplies,Binders,ProFile Binder,12.99,6,0
PRO00093,Technology,Phones,Iphone 15,1299,999.99,0.1
PRO00094,Technology,Accessories,CPU Cooler,99,54,0.12
PRO00095,Office Supplies,Storage,Pinebrook Storage ,299,150,0.13
PRO00096,Technology,Phones,Iphone 15,1299,999.99,0
PRO00097,Office Supplies,Fasteners,Secure Fix ,14.99,7.5,0.1
PRO00098,Office Supplies,Labels,Clearmark Labels,12.99,6.5,0.1
PRO00099,Office Supplies,Paper,Paper Flow Organizer,19.99,9.5,0.11
PRO00100,Office Supplies,Binders,ProFile Binder,12.99,6,0.12
PRO00101,Technology,Phones,Iphone 15,1299,999.99,0.12
PRO00102,Furniture,Bookcases,BookNest Pro ,249,150,0.1
PRO00103,Technology,Copiers,Tech Replica Pro,49.99,30.99,0
PRO00104,Furniture,Tables,Liberty Dining Table,899,450,0
PRO00105,Office Supplies,Paper,Paper Flow Organizer,19.99,9.5,0
PRO00106,Office Supplies,Art,Highlighter,99,47,0
PRO00107,Technology,Machines,AutoMach Nova,2299,2165,0
PRO00108,Office Supplies,Appliances,Calculator,25,19,0
PRO00109,Technology,Copiers,Tech Replica Pro,49.99,30.99,0.12
PRO00110,Office Supplies,Paper,Paper Flow Organizer,19.99,9.5,0.15
PRO00111,Office Supplies,Storage,Pinebrook Storage ,299,150,0.12
PRO00112,Office Supplies,Envelopes,RoyalSeal Envelopes,12.99,5.5,0.1
PRO00113,Office Supplies,Storage,Pinebrook Storage ,299,150,0.1
PRO00114,Office Supplies,Supplies,Pinecarft Wood Stain ,29.99,12.5,0.1
PRO00115,Office Supplies,Labels,Clearmark Labels,12.99,6.5,0.12
PRO00116,Office Supplies,Binders,ProFile Binder,12.99,6,0
PRO00117,Technology,Machines,AutoMach Nova,2299,2165,0
PRO00118,Office Supplies,Paper,Paper Flow Organizer,19.99,9.5,0
PRO00119,Office Supplies,Art,Highlighter,99,47,0.1
PRO00120,Office Supplies,Binders,ProFile Binder,12.99,6,0.12
PRO00121,Office Supplies,Binders,ProFile Binder,12.99,6,0.13
PRO00122,Technology,Accessories,CPU Cooler,99,54,0
PRO00123,Office Supplies,Fasteners,Secure Fix ,14.99,7.5,0
PRO00124,Office Supplies,Supplies,Pinecarft Wood Stain ,29.99,12.5,0.12
PRO00125,Office Supplies,Art,Highlighter,99,47,0.1
PRO00126,Furniture,Chairs,Relaxo Chair,199,120,0.1
PRO00127,Office Supplies,Storage,Pinebrook Storage ,299,150,0.11
PRO00128,Furniture,Bookcases,BookNest Pro ,249,150,0.12
PRO00129,Technology,Phones,Iphone 15,1299,999.99,0.12
PRO00130,Technology,Copiers,Tech Replica Pro,49.99,30.99,0.1
PRO00131,Technology,Phones,Iphone 15,1299,999.99,0
PRO00132,Office Supplies,Art,Highlighter,99,47,0
PRO00133,Furniture,Tables,Liberty Dining Table,899,450,0
PRO00134,Office Supplies,Art,Highlighter,99,47,0
PRO00135,Furniture,Furnishings,Cozyhaven Throw,59,30,0
PRO00136,Furniture,Furnishings,Cozyhaven Throw,59,30,0
PRO00137,Furniture,Bookcases,BookNest Pro ,249,150,0.12
PRO00138,Office Supplies,Envelopes,RoyalSeal Envelopes,12.99,5.5,0.15
PRO00139,Office Supplies,Storage,Pinebrook Storage ,299,150,0.12
PRO00140,Furniture,Furnishings,Cozyhaven Throw,59,30,0.1
PRO00141,Office Supplies,Appliances,Calculator,25,19,0.1
PRO00142,Office Supplies,Art,Highlighter,99,47,0.1
PRO00143,Furniture,Furnishings,Cozyhaven Throw,59,30,0.12
PRO00144,Office Supplies,Labels,Clearmark Labels,12.99,6.5,0
PRO00145,Office Supplies,Binders,ProFile Binder,12.99,6,0
PRO00146,Office Supplies,Binders,ProFile Binder,12.99,6,0
PRO00147,Office Supplies,Labels,Clearmark Labels,12.99,6.5,0.1
PRO00148,Technology,Accessories,CPU Cooler,99,54,0.12
PRO00149,Technology,Copiers,Tech Replica Pro,49.99,30.99,0.13
PRO00150,Furniture,Bookcases,BookNest Pro ,249,150,0
PRO00151,Technology,Machines,AutoMach Nova,2299,2165,0
PRO00152,Furniture,Chairs,Relaxo Chair,199,120,0.12
PRO00153,Office Supplies,Paper,Paper Flow Organizer,19.99,9.5,0.1
PRO00154,Office Supplies,Art,Tape Dipenser,56,35,0.1
PRO00155,Furniture,Furnishings,Cozyhaven Throw,59,30,0.1
PRO00156,Office Supplies,Binders,ProFile Binder,12.99,6,0.11
PRO00157,Office Supplies,Storage,Pinebrook Storage ,299,150,0.12
PRO00158,Office Supplies,Art,Tape Dipenser,56,35,0.12
PRO00159,Office Supplies,Labels,Clearmark Labels,12.99,6.5,0.1
PRO00160,Office Supplies,Supplies,Pinecarft Wood Stain ,29.99,12.5,0
PRO00161,Office Supplies,Fasteners,Secure Fix ,14.99,7.5,0
PRO00162,Office Supplies,Storage,Pinebrook Storage ,299,150,0
PRO00163,Office Supplies,Storage,Pinebrook Storage ,299,150,0
PRO00164,Technology,Copiers,Tech Replica Pro,49.99,30.99,0
PRO00165,Technology,Machines,AutoMach Nova,2299,2165,0
PRO00166,Office Supplies,Storage,Pinebrook Storage ,299,150,0.12
PRO00167,Office Supplies,Storage,Pinebrook Storage ,299,150,0.15
PRO00168,Office Supplies,Supplies,Pinecarft Wood Stain ,29.99,12.5,0.12
PRO00169,Office Supplies,Art,Tape Dipenser,56,35,0.1
PRO00170,Office Supplies,Paper,Paper Flow Organizer,19.99,9.5,0.1
PRO00171,Office Supplies,Labels,Clearmark Labels,12.99,6.5,0.1
PRO00172,Office Supplies,Labels,Clearmark Labels,12.99,6.5,0.12
PRO00173,Office Supplies,Binders,ProFile Binder,12.99,6,0
PRO00174,Office Supplies,Storage,Pinebrook Storage ,299,150,0
PRO00175,Office Supplies,Storage,Pinebrook Storage ,299,150,0
PRO00176,Technology,Accessories,CPU Cooler,99,54,0.1
PRO00177,Technology,Machines,AutoMach Nova,2299,2165,0.12
PRO00178,Furniture,Chairs,Relaxo Chair,199,120,0.13
PRO00179,Technology,Phones,Iphone 15,1299,999.99,0
PRO00180,Furniture,Bookcases,BookNest Pro ,249,150,0
PRO00181,Office Supplies,Paper,Paper Flow Organizer,19.99,9.5,0.12
PRO00182,Furniture,Bookcases,BookNest Pro ,249,150,0.1
PRO00183,Office Supplies,Envelopes,RoyalSeal Envelopes,12.99,5.5,0.1
PRO00184,Office Supplies,Art,Tape Dipenser,56,35,0.1
PRO00185,Office Supplies,Envelopes,RoyalSeal Envelopes,12.99,5.5,0.11
PRO00186,Office Supplies,Paper,Paper Flow Organizer,19.99,9.5,0.12
PRO00187,Office Supplies,Storage,Pinebrook Storage ,299,150,0.12
PRO00188,Furniture,Furnishings,Cozyhaven Throw,59,30,0.1
PRO00189,Office Supplies,Storage,Pinebrook Storage ,299,150,0
PRO00190,Office Supplies,Storage,Pinebrook Storage ,299,150,0
PRO00191,Office Supplies,Storage,Pinebrook Storage ,299,150,0
PRO00192,Office Supplies,Supplies,Pinecarft Wood Stain ,29.99,12.5,0
PRO00193,Office Supplies,Binders,ProFile Binder,12.99,6,0
PRO00194,Office Supplies,Art,Tape Dipenser,56,35,0
PRO00195,Office Supplies,Envelopes,RoyalSeal Envelopes,12.99,5.5,0.12
PRO00196,Office Supplies,Paper,Paper Flow Organizer,19.99,9.5,0.15
PRO00197,Office Supplies,Binders,ProFile Binder,12.99,6,0.12
PRO00198,Office Supplies,Art,Tape Dipenser,56,35,0.1
PRO00199,Office Supplies,Binders,ClearView Organizer,9.99,4.5,0.1
PRO00200,Technology,Copiers,Tech Replica Pro,49.99,30.99,0.1
PRO00201,Furniture,Bookcases,BookNest Pro ,249,150,0.12
PRO00202,Furniture,Chairs,Relaxo Chair,199,120,0
PRO00203,Office Supplies,Art,Tape Dipenser,56,35,0
PRO00204,Office Supplies,Art,Tape Dipenser,56,35,0
PRO00205,Office Supplies,Appliances,Calculator,25,19,0.1
PRO00206,Furniture,Bookcases,BookNest Pro ,249,150,0.12
PRO00207,Office Supplies,Paper,Paper Flow Organizer,19.99,9.5,0.13
PRO00208,Office Supplies,Supplies,Pinecarft Wood Stain ,29.99,12.5,0
PRO00209,Furniture,Chairs,Relaxo Chair,199,120,0
PRO00210,Office Supplies,Fasteners,Secure Fix ,14.99,7.5,0.12
PRO00211,Office Supplies,Art,Tape Dipenser,56,35,0.1
PRO00212,Office Supplies,Labels,Clearmark Labels,12.99,6.5,0.1
PRO00213,Technology,Accessories,Keyboard,99.23,45.56,0.1
PRO00214,Technology,Copiers,Tech Replica Pro,49.99,30.99,0.1
PRO00215,Office Supplies,Art,Tape Dipenser,56,35,0.11
PRO00216,Furniture,Furnishings,Cozyhaven Throw,59,30,0.12
PRO00217,Technology,Phones,Iphone 15,1299,999.99,0.12
PRO00218,Office Supplies,Labels,Clearmark Labels,12.99,6.5,0.1
PRO00219,Office Supplies,Storage,Pinebrook Storage ,299,150,0
PRO00220,Office Supplies,Storage,Pinebrook Storage ,299,150,0
PRO00221,Office Supplies,Storage,Pinebrook Storage ,299,150,0
PRO00222,Office Supplies,Binders,ClearView Organizer,9.99,4.5,0
PRO00223,Office Supplies,Binders,ClearView Organizer,9.99,4.5,0
PRO00224,Office Supplies,Art,Tape Dipenser,56,35,0
PRO00225,Office Supplies,Labels,Clearmark Labels,12.99,6.5,0.12
PRO00226,Office Supplies,Storage,Pinebrook Storage ,299,150,0.15
PRO00227,Office Supplies,Fasteners,Secure Fix ,14.99,7.5,0.12
PRO00228,Office Supplies,Fasteners,Secure Fix ,14.99,7.5,0.1
PRO00229,Office Supplies,Binders,ClearView Organizer,9.99,4.5,0.1
PRO00230,Office Supplies,Binders,ClearView Organizer,9.99,4.5,0.1
PRO00231,Office Supplies,Art,Tape Dipenser,56,35,0.12
PRO00232,Office Supplies,Binders,ClearView Organizer,9.99,4.5,0
PRO00233,Technology,Machines,AutoMach Nova,2299,2165,0
PRO00234,Furniture,Bookcases,BookNest Pro ,249,150,0
PRO00235,Technology,Copiers,Tech Replica Pro,49.99,30.99,0.1
PRO00236,Office Supplies,Storage,Pinebrook Storage ,299,150,0.12
PRO00237,Technology,Accessories,Keyboard,99.23,45.56,0.13
PRO00238,Office Supplies,Appliances,Calculator,25,19,0
PRO00239,Technology,Accessories,Keyboard,99.23,45.56,0
PRO00240,Office Supplies,Envelopes,RoyalSeal Envelopes,12.99,5.5,0.12
PRO00241,Office Supplies,Fasteners,Secure Fix ,14.99,7.5,0.1
PRO00242,Furniture,Bookcases,BookNest Pro ,249,150,0
PRO00243,Office Supplies,Appliances,Calculator,25,19,0.1
PRO00244,Furniture,Bookcases,BookNest Pro ,249,150,0.1
PRO00245,Furniture,Chairs,Relaxo Chair,199,120,0.11
PRO00246,Furniture,Bookcases,BookNest Pro ,249,150,0.12
PRO00247,Office Supplies,Paper,Paper Flow Organizer,19.99,9.5,0.12
PRO00248,Office Supplies,Storage,Pinebrook Storage ,299,150,0.1
PRO00249,Office Supplies,Envelopes,RoyalSeal Envelopes,12.99,5.5,0
PRO00250,Office Supplies,Art,Tape Dipenser,56,35,0
PRO00251,Office Supplies,Storage,Pinebrook Storage ,299,150,0
PRO00252,Office Supplies,Paper,Paper Flow Organizer,19.99,9.5,0
PRO00253,Office Supplies,Binders,ClearView Organizer,9.99,4.5,0
PRO00254,Office Supplies,Storage,Pinebrook Storage ,299,150,0
PRO00255,Office Supplies,Labels,Clearmark Labels,12.99,6.5,0.12
PRO00256,Office Supplies,Labels,Clearmark Labels,12.99,6.5,0.15
PRO00257,Furniture,Furnishings,Cozyhaven Throw,59,30,0.12
PRO00258,Furniture,Tables,Liberty Dining Table,899,450,0.1
PRO00259,Office Supplies,Storage,Pinebrook Storage ,299,150,0.1
PRO00260,Furniture,Chairs,Relaxo Chair,199,120,0.1
PRO00261,Technology,Phones,Iphone 15,1299,999.99,0.12
PRO00262,Technology,Phones,Iphone 15,1299,999.99,0
PRO00263,Furniture,Chairs,Relaxo Chair,199,120,0
PRO00264,Furniture,Furnishings,Cozyhaven Throw,59,30,0
PRO00265,Technology,Phones,Iphone 15,1299,999.99,0.1
PRO00266,Technology,Accessories,Keyboard,99.23,45.56,0.12
PRO00267,Office Supplies,Appliances,Calculator,25,19,0.13
PRO00268,Office Supplies,Supplies,Pinecarft Wood Stain ,29.99,12.5,0
PRO00269,Office Supplies,Storage,Pinebrook Storage ,299,150,0
PRO00270,Office Supplies,Supplies,Pinecarft Wood Stain ,29.99,12.5,0.12
PRO00271,Office Supplies,Binders,ClearView Organizer,9.99,4.5,0.1
PRO00272,Office Supplies,Art,Tape Dipenser,56,35,0
PRO00273,Office Supplies,Storage,Pinebrook Storage ,299,150,0.1
PRO00274,Office Supplies,Binders,ClearView Organizer,9.99,4.5,0.1
PRO00275,Office Supplies,Envelopes,RoyalSeal Envelopes,12.99,5.5,0.11
PRO00276,Furniture,Furnishings,Cozyhaven Throw,59,30,0.12
PRO00277,Office Supplies,Art,Tape Dipenser,56,35,0.12
PRO00278,Office Supplies,Binders,ClearView Organizer,9.99,4.5,0.1
PRO00279,Office Supplies,Envelopes,RoyalSeal Envelopes,12.99,5.5,0
PRO00280,Office Supplies,Binders,ClearView Organizer,9.99,4.5,0.12
PRO00281,Office Supplies,Art,Tape Dipenser,56,35,0
PRO00282,Office Supplies,Binders,ClearView Organizer,9.99,4.5,0
PRO00283,Office Supplies,Storage,Horizon Storage,159,80,0
PRO00284,Office Supplies,Paper,Paper Flow Organizer,19.99,9.5,0
PRO00285,Furniture,Furnishings,Cozyhaven Throw,59,30,0.12
PRO00286,Furniture,Furnishings,Cozyhaven Throw,59,30,0.15
PRO00287,Office Supplies,Art,Tape Dipenser,56,35,0.12
PRO00288,Office Supplies,Storage,Horizon Storage,159,80,0.1
PRO00289,Furniture,Bookcases,BookNest Pro ,249,150,0.1
PRO00290,Office Supplies,Storage,Horizon Storage,159,80,0.1
PRO00291,Office Supplies,Art,Tape Dipenser,56,35,0.12
PRO00292,Office Supplies,Storage,Horizon Storage,159,80,0.1
PRO00293,Office Supplies,Binders,ClearView Organizer,9.99,4.5,0.1
PRO00294,Furniture,Bookcases,BookNest Pro ,249,150,0.11
PRO00295,Furniture,Chairs,Relaxo Chair,199,120,0.12
PRO00296,Technology,Accessories,Keyboard,99.23,45.56,0.12
PRO00297,Office Supplies,Art,Tape Dipenser,56,35,0.1
PRO00298,Technology,Phones,Iphone 15,1299,999.99,0
PRO00299,Furniture,Furnishings,Cozyhaven Throw,59,30,0
PRO00300,Furniture,Furnishings,Cozyhaven Throw,59,30,0
PRO00301,Office Supplies,Fasteners,Secure Fix ,14.99,7.5,0
PRO00302,Office Supplies,Binders,ClearView Organizer,9.99,4.5,0
PRO00303,Furniture,Bookcases,BookNest Pro ,249,150,0
PRO00304,Furniture,Chairs,Relaxo Chair,199,120,0.12
PRO00305,Office Supplies,Supplies,Pinecarft Wood Stain ,29.99,12.5,0.15
PRO00306,Office Supplies,Labels,Clearmark Labels,12.99,6.5,0.12
PRO00307,Office Supplies,Paper,Paper Flow Organizer,19.99,9.5,0.1
PRO00308,Office Supplies,Fasteners,Secure Fix ,14.99,7.5,0.1
PRO00309,Office Supplies,Binders,Flexi Binder,14.99,7.5,0.1
PRO00310,Technology,Phones,Iphone 15,1299,999.99,0.12
PRO00311,Office Supplies,Appliances,Calculator,25,19,0
PRO00312,Technology,Copiers,Tech Replica Pro,49.99,30.99,0
PRO00313,Furniture,Chairs,Relaxo Chair,199,120,0.1
PRO00314,Office Supplies,Envelopes,RoyalSeal Envelopes,12.99,5.5,0.1
PRO00315,Furniture,Furnishings,Cozyhaven Throw,59,30,0.11
PRO00316,Furniture,Chairs,Relaxo Chair,199,120,0.12
PRO00317,Furniture,Chairs,Relaxo Chair,199,120,0.12
PRO00318,Office Supplies,Art,Tape Dipenser,56,35,0.1
PRO00319,Office Supplies,Paper,Paper Flow Organizer,19.99,9.5,0
PRO00320,Technology,Accessories,Keyboard,99.23,45.56,0
PRO00321,Office Supplies,Fasteners,Secure Fix ,14.99,7.5,0
PRO00322,Office Supplies,Labels,Clearmark Labels,12.99,6.5,0
PRO00323,Office Supplies,Paper,Eco Paper Roll,29.99,15,0
PRO00324,Office Supplies,Labels,Clearmark Labels,12.99,6.5,0
PRO00325,Office Supplies,Labels,Clearmark Labels,12.99,6.5,0.12
PRO00326,Office Supplies,Art,Tape Dipenser,56,35,0.15
PRO00327,Office Supplies,Binders,Flexi Binder,14.99,7.5,0.12
PRO00328,Office Supplies,Fasteners,Secure Fix ,14.99,7.5,0.1
PRO00329,Office Supplies,Fasteners,Secure Fix ,14.99,7.5,0.1
PRO00330,Office Supplies,Binders,Flexi Binder,14.99,7.5,0.1
PRO00331,Office Supplies,Art,Tape Dipenser,56,35,0.12
PRO00332,Technology,Machines,AutoMach Nova,2299,2165,0
PRO00333,Office Supplies,Art,Tape Dipenser,56,35,0.1
PRO00334,Office Supplies,Binders,Flexi Binder,14.99,7.5,0.1
PRO00335,Office Supplies,Art,Tape Dipenser,56,35,0.11
PRO00336,Office Supplies,Art,Tape Dipenser,56,35,0.12
PRO00337,Office Supplies,Envelopes,RoyalSeal Envelopes,12.99,5.5,0.12
PRO00338,Office Supplies,Paper,Eco Paper Roll,29.99,15,0.1
PRO00339,Office Supplies,Paper,Eco Paper Roll,29.99,15,0
PRO00340,Furniture,Furnishings,Cozyhaven Throw,59,30,0
PRO00341,Office Supplies,Art,Tape Dipenser,56,35,0
PRO00342,Furniture,Chairs,Relaxo Chair,199,120,0
PRO00343,Furniture,Chairs,Relaxo Chair,199,120,0
PRO00344,Technology,Copiers,Tech Replica Pro,49.99,30.99,0
PRO00345,Technology,Machines,AutoMach Nova,2299,2165,0.12
PRO00346,Office Supplies,Appliances,Calculator,25,19,0.15
PRO00347,Furniture,Bookcases,BookNest Pro ,249,150,0.12
PRO00348,Office Supplies,Storage,Horizon Storage,159,80,0.1
PRO00349,Technology,Accessories,Keyboard,99.23,45.56,0.1
PRO00350,Technology,Copiers,Tech Replica Pro,49.99,30.99,0.1
PRO00351,Office Supplies,Paper,Eco Paper Roll,29.99,15,0.12
PRO00352,Office Supplies,Art,Tape Dipenser,56,35,0
PRO00353,Office Supplies,Supplies,Pinecarft Wood Stain ,29.99,12.5,0
PRO00354,Office Supplies,Storage,Horizon Storage,159,80,0
PRO00355,Office Supplies,Appliances,Calculator,25,19,0.1
PRO00356,Office Supplies,Storage,Horizon Storage,159,80,0.12
PRO00357,Office Supplies,Binders,Flexi Binder,14.99,7.5,0.13
PRO00358,Office Supplies,Art,Tape Dipenser,56,35,0
PRO00359,Technology,Accessories,Card Reader,59.54,39.58,0
PRO00360,Office Supplies,Binders,Flexi Binder,14.99,7.5,0.1
PRO00361,Office Supplies,Labels,Clearmark Labels,12.99,6.5,0.1
PRO00362,Office Supplies,Binders,Flexi Binder,14.99,7.5,0.11
PRO00363,Furniture,Chairs,Relaxo Chair,199,120,0.12
PRO00364,Office Supplies,Storage,Horizon Storage,159,80,0.12
PRO00365,Office Supplies,Envelopes,RoyalSeal Envelopes,12.99,5.5,0.1
PRO00366,Office Supplies,Paper,Eco Paper Roll,29.99,15,0
PRO00367,Office Supplies,Binders,Flexi Binder,14.99,7.5,0
PRO00368,Office Supplies,Paper,Eco Paper Roll,29.99,15,0
PRO00369,Office Supplies,Binders,Flexi Binder,14.99,7.5,0
PRO00370,Office Supplies,Labels,Clearmark Labels,12.99,6.5,0
PRO00371,Furniture,Furnishings,Luxecushion Set,99,59,0
PRO00372,Office Supplies,Labels,Clearmark Labels,12.99,6.5,0.12
PRO00373,Furniture,Bookcases,BookNest Pro ,249,150,0.15
PRO00374,Office Supplies,Binders,Flexi Binder,14.99,7.5,0.12
PRO00375,Office Supplies,Storage,Horizon Storage,159,80,0.1
PRO00376,Technology,Phones,Iphone 15,1299,999.99,0.1
PRO00377,Technology,Machines,AutoMach Nova,2299,2165,0.1
PRO00378,Office Supplies,Supplies,Pinecarft Wood Stain ,29.99,12.5,0.12
PRO00379,Technology,Phones,Samsung,999,599.65,0
PRO00380,Office Supplies,Storage,Horizon Storage,159,80,0
PRO00381,Office Supplies,Supplies,Pinecarft Wood Stain ,29.99,12.5,0
PRO00382,Furniture,Furnishings,Luxecushion Set,99,59,0.1
PRO00383,Office Supplies,Envelopes,RoyalSeal Envelopes,12.99,5.5,0.12
PRO00384,Furniture,Furnishings,Luxecushion Set,99,59,0.1
PRO00385,Office Supplies,Art,Tape Dipenser,56,35,0.1
PRO00386,Office Supplies,Art,Tape Dipenser,56,35,0.11
PRO00387,Office Supplies,Envelopes,RoyalSeal Envelopes,12.99,5.5,0.12
PRO00388,Office Supplies,Fasteners,Secure Fix ,14.99,7.5,0.12
PRO00389,Office Supplies,Paper,Eco Paper Roll,29.99,15,0.1
PRO00390,Office Supplies,Binders,Flexi Binder,14.99,7.5,0
PRO00391,Office Supplies,Paper,Eco Paper Roll,29.99,15,0
PRO00392,Office Supplies,Binders,Flexi Binder,14.99,7.5,0
PRO00393,Furniture,Furnishings,Luxecushion Set,99,59,0
PRO00394,Technology,Copiers,Tech Replica Pro,49.99,30.99,0
PRO00395,Furniture,Tables,Liberty Dining Table,899,450,0
PRO00396,Office Supplies,Envelopes,RoyalSeal Envelopes,12.99,5.5,0.12
PRO00397,Office Supplies,Supplies,Pinecarft Wood Stain ,29.99,12.5,0.15
PRO00398,Office Supplies,Storage,Horizon Storage,159,80,0.12
PRO00399,Office Supplies,Art,Tape Dipenser,56,35,0.1
PRO00400,Office Supplies,Storage,Horizon Storage,159,80,0.1
PRO00401,Furniture,Tables,Liberty Dining Table,899,450,0.1
PRO00402,Furniture,Tables,Liberty Dining Table,899,450,0.12
PRO00403,Office Supplies,Supplies,Pinecarft Wood Stain ,29.99,12.5,0
PRO00404,Office Supplies,Binders,Flexi Binder,14.99,7.5,0
PRO00405,Furniture,Chairs,Relaxo Chair,199,120,0
PRO00406,Technology,Copiers,Tech Replica Pro,49.99,30.99,0.1
PRO00407,Office Supplies,Paper,Eco Paper Roll,29.99,15,0.12
PRO00408,Technology,Phones,Samsung,999,599.65,0.13
PRO00409,Office Supplies,Binders,Flexi Binder,14.99,7.5,0
PRO00410,Office Supplies,Labels,Clearmark Labels,12.99,6.5,0.1
PRO00411,Office Supplies,Binders,Flexi Binder,14.99,7.5,0.1
PRO00412,Office Supplies,Envelopes,RoyalSeal Envelopes,12.99,5.5,0.11
PRO00413,Office Supplies,Binders,Flexi Binder,14.99,7.5,0.12
PRO00414,Technology,Phones,Samsung,999,599.65,0.12
PRO00415,Furniture,Tables,Liberty Dining Table,899,450,0.1
PRO00416,Technology,Machines,AutoMach Nova,2299,2165,0
PRO00417,Office Supplies,Storage,Horizon Storage,159,80,0
PRO00418,Furniture,Bookcases,Literati Luxe,349,210,0
PRO00419,Furniture,Chairs,StyleSit Modern,249,150,0
PRO00420,Furniture,Chairs,StyleSit Modern,249,150,0
PRO00421,Office Supplies,Paper,Eco Paper Roll,29.99,15,0
PRO00422,Office Supplies,Binders,Flexi Binder,14.99,7.5,0.12
PRO00423,Office Supplies,Binders,Flexi Binder,14.99,7.5,0.15
PRO00424,Office Supplies,Supplies,Pinecarft Wood Stain ,29.99,12.5,0.12
PRO00425,Office Supplies,Paper,Eco Paper Roll,29.99,15,0.1
PRO00426,Office Supplies,Labels,Clearmark Labels,12.99,6.5,0.1
PRO00427,Office Supplies,Paper,Eco Paper Roll,29.99,15,0.1
PRO00428,Office Supplies,Binders,Flexi Binder,14.99,7.5,0.12
PRO00429,Office Supplies,Supplies,Pinecarft Wood Stain ,29.99,12.5,0
PRO00430,Office Supplies,Envelopes,RoyalSeal Envelopes,12.99,5.5,0
PRO00431,Office Supplies,Art,Pencil,9,5,0
PRO00432,Office Supplies,Storage,Horizon Storage,159,80,0.1
PRO00433,Office Supplies,Paper,Eco Paper Roll,29.99,15,0.12
PRO00434,Technology,Copiers,Copy Xpert,29.99,18.56,0.13
PRO00435,Furniture,Bookcases,Literati Luxe,349,210,0
PRO00436,Office Supplies,Storage,Horizon Storage,159,80,0
PRO00437,Office Supplies,Storage,Horizon Storage,159,80,0.12
PRO00438,Office Supplies,Appliances,Calculator,25,19,0.1
PRO00439,Office Supplies,Appliances,Whiteboard Markers,39,12,0
PRO00440,Furniture,Furnishings,Luxecushion Set,99,59,0.1
PRO00441,Office Supplies,Art,Pencil,9,5,0.1
PRO00442,Office Supplies,Supplies,Pinecarft Wood Stain ,29.99,12.5,0.11
PRO00443,Technology,Accessories,Card Reader,59.54,39.58,0.12
PRO00444,Office Supplies,Art,Pencil,9,5,0.12
PRO00445,Office Supplies,Binders,Flexi Binder,14.99,7.5,0.1
PRO00446,Office Supplies,Labels,Clearmark Labels,12.99,6.5,0
PRO00447,Office Supplies,Envelopes,RoyalSeal Envelopes,12.99,5.5,0
PRO00448,Office Supplies,Binders,BindMaster Deluxe,15.99,8,0
PRO00449,Office Supplies,Binders,BindMaster Deluxe,15.99,8,0
PRO00450,Office Supplies,Binders,BindMaster Deluxe,15.99,8,0
PRO00451,Furniture,Bookcases,Literati Luxe,349,210,0
PRO00452,Technology,Phones,Samsung,999,599.65,0.12
PRO00453,Technology,Copiers,Copy Xpert,29.99,18.56,0.15
PRO00454,Office Supplies,Storage,Horizon Storage,159,80,0.12
PRO00455,Technology,Phones,Samsung,999,599.65,0.1
PRO00456,Technology,Copiers,Copy Xpert,29.99,18.56,0.1
PRO00457,Furniture,Tables,Liberty Dining Table,899,450,0.1
PRO00458,Technology,Accessories,Card Reader,59.54,39.58,0.12
PRO00459,Furniture,Bookcases,Literati Luxe,349,210,0
PRO00460,Technology,Phones,Samsung,999,599.65,0
PRO00461,Furniture,Chairs,StyleSit Modern,249,150,0
PRO00462,Office Supplies,Storage,Horizon Storage,159,80,0.1
PRO00463,Technology,Machines,AutoMach Nova,2299,2165,0.12
PRO00464,Furniture,Chairs,StyleSit Modern,249,150,0.13
PRO00465,Technology,Copiers,Copy Xpert,29.99,18.56,0
PRO00466,Office Supplies,Art,Pencil,9,5,0
PRO00467,Technology,Machines,AutoMach Nova,2299,2165,0.12
PRO00468,Office Supplies,Paper,Eco Paper Roll,29.99,15,0.1
PRO00469,Technology,Accessories,Card Reader,59.54,39.58,0.1
PRO00470,Office Supplies,Art,Pencil,9,5,0.1
PRO00471,Office Supplies,Art,Pencil,9,5,0.11
PRO00472,Office Supplies,Art,Pencil,9,5,0.12
PRO00473,Office Supplies,Supplies,Pinecarft Wood Stain ,29.99,12.5,0.12
PRO00474,Office Supplies,Art,Pencil,9,5,0.1
PRO00475,Office Supplies,Paper,Eco Paper Roll,29.99,15,0
PRO00476,Office Supplies,Labels,Elite Tag Stickers,9.99,4.5,0
PRO00477,Furniture,Furnishings,Luxecushion Set,99,59,0
PRO00478,Office Supplies,Art,Pencil,9,5,0
PRO00479,Technology,Phones,Samsung,999,599.65,0
PRO00480,Technology,Accessories,Card Reader,59.54,39.58,0
PRO00481,Office Supplies,Fasteners,Secure Fix ,14.99,7.5,0.12
PRO00482,Office Supplies,Binders,BindMaster Deluxe,15.99,8,0.15
PRO00483,Office Supplies,Binders,BindMaster Deluxe,15.99,8,0.12
PRO00484,Office Supplies,Fasteners,Secure Fix ,14.99,7.5,0.1
PRO00485,Technology,Accessories,Card Reader,59.54,39.58,0.1
PRO00486,Office Supplies,Appliances,Whiteboard Markers,39,12,0.1
PRO00487,Technology,Machines,Inno Machine 5000,3499,2999,0.12
PRO00488,Office Supplies,Storage,Horizon Storage,159,80,0
PRO00489,Office Supplies,Binders,BindMaster Deluxe,15.99,8,0
PRO00490,Office Supplies,Binders,BindMaster Deluxe,15.99,8,0
PRO00491,Office Supplies,Art,Pencil,9,5,0.1
PRO00492,Office Supplies,Labels,Elite Tag Stickers,9.99,4.5,0.12
PRO00493,Office Supplies,Binders,BindMaster Deluxe,15.99,8,0.13
PRO00494,Furniture,Furnishings,Luxecushion Set,99,59,0
PRO00495,Office Supplies,Art,Pencil,9,5,0
PRO00496,Office Supplies,Binders,BindMaster Deluxe,15.99,8,0.12
PRO00497,Furniture,Chairs,StyleSit Modern,249,150,0.1
PRO00498,Office Supplies,Binders,BindMaster Deluxe,15.99,8,0
PRO00499,Office Supplies,Paper,Eco Paper Roll,29.99,15,0.1
PRO00500,Office Supplies,Binders,BindMaster Deluxe,15.99,8,0.1
PRO00501,Office Supplies,Storage,Horizon Storage,159,80,0.11
PRO00502,Furniture,Furnishings,Luxecushion Set,99,59,0.12
PRO00503,Office Supplies,Labels,Elite Tag Stickers,9.99,4.5,0.12
PRO00504,Technology,Phones,Samsung,999,599.65,0.1
PRO00505,Office Supplies,Storage,Horizon Storage,159,80,0
PRO00506,Technology,Phones,Samsung,999,599.65,0
PRO00507,Office Supplies,Appliances,Whiteboard Markers,39,12,0
PRO00508,Technology,Phones,Samsung,999,599.65,0
PRO00509,Technology,Machines,Inno Machine 5000,3499,2999,0
PRO00510,Office Supplies,Art,Pencil,9,5,0
PRO00511,Office Supplies,Binders,BindMaster Deluxe,15.99,8,0.12
PRO00512,Office Supplies,Labels,Elite Tag Stickers,9.99,4.5,0.15
PRO00513,Technology,Copiers,Copy Xpert,29.99,18.56,0.12
PRO00514,Office Supplies,Labels,Elite Tag Stickers,9.99,4.5,0.1
PRO00515,Office Supplies,Labels,Elite Tag Stickers,9.99,4.5,0.1
PRO00516,Office Supplies,Binders,BindMaster Deluxe,15.99,8,0.1
PRO00517,Office Supplies,Storage,Horizon Storage,159,80,0.12
PRO00518,Office Supplies,Binders,BindMaster Deluxe,15.99,8,0
PRO00519,Technology,Accessories,Card Reader,59.54,39.58,0
PRO00520,Office Supplies,Fasteners,Secure Fix ,14.99,7.5,0.1
PRO00521,Office Supplies,Art,Pencil,9,5,0.1
PRO00522,Office Supplies,Storage,Horizon Storage,159,80,0.11
PRO00523,Furniture,Furnishings,Luxecushion Set,99,59,0.12
PRO00524,Office Supplies,Binders,BindMaster Deluxe,15.99,8,0.12
PRO00525,Office Supplies,Supplies,Pinecarft Wood Stain ,29.99,12.5,0.1
PRO00526,Furniture,Chairs,StyleSit Modern,249,150,0
PRO00527,Furniture,Chairs,StyleSit Modern,249,150,0
PRO00528,Technology,Copiers,Copy Xpert,29.99,18.56,0
PRO00529,Technology,Phones,Samsung,999,599.65,0
PRO00530,Office Supplies,Art,Pencil,9,5,0
PRO00531,Furniture,Tables,Liberty Dining Table,899,450,0
PRO00532,Office Supplies,Appliances,Whiteboard Markers,39,12,0.12
PRO00533,Furniture,Chairs,StyleSit Modern,249,150,0.15
PRO00534,Furniture,Furnishings,Luxecushion Set,99,59,0.12
PRO00535,Office Supplies,Binders,BindMaster Deluxe,15.99,8,0.1
PRO00536,Furniture,Bookcases,Literati Luxe,349,210,0.1
PRO00537,Office Supplies,Storage,Horizon Storage,159,80,0.1
PRO00538,Office Supplies,Storage,Horizon Storage,159,80,0.12
PRO00539,Furniture,Tables,Liberty Dining Table,899,450,0.1
PRO00540,Furniture,Furnishings,Luxecushion Set,99,59,0.1
PRO00541,Office Supplies,Envelopes,Eagleseal Premiun,8.99,3.5,0.11
PRO00542,Office Supplies,Art,Pencil,9,5,0.12
PRO00543,Office Supplies,Binders,BindMaster Deluxe,15.99,8,0.12
PRO00544,Office Supplies,Storage,Horizon Storage,159,80,0.1
PRO00545,Office Supplies,Fasteners,Secure Fix ,14.99,7.5,0
PRO00546,Furniture,Furnishings,Luxecushion Set,99,59,0
PRO00547,Technology,Machines,Inno Machine 5000,3499,2999,0
PRO00548,Office Supplies,Binders,BindMaster Deluxe,15.99,8,0
PRO00549,Technology,Phones,Samsung,999,599.65,0
PRO00550,Technology,Phones,Samsung,999,599.65,0
PRO00551,Furniture,Bookcases,Literati Luxe,349,210,0.12
PRO00552,Office Supplies,Storage,Horizon Storage,159,80,0.15
PRO00553,Furniture,Chairs,StyleSit Modern,249,150,0.12
PRO00554,Furniture,Bookcases,Literati Luxe,349,210,0.1
PRO00555,Technology,Machines,Inno Machine 5000,3499,2999,0.1
PRO00556,Office Supplies,Appliances,Whiteboard Markers,39,12,0.1
PRO00557,Office Supplies,Supplies,Pinecarft Wood Stain ,29.99,12.5,0.12
PRO00558,Office Supplies,Binders,BindMaster Deluxe,15.99,8,0
PRO00559,Office Supplies,Art,Pencil,9,5,0
PRO00560,Furniture,Furnishings,Luxecushion Set,99,59,0
PRO00561,Office Supplies,Storage,Horizon Storage,159,80,0.1
PRO00562,Office Supplies,Envelopes,Eagleseal Premiun,8.99,3.5,0.12
PRO00563,Office Supplies,Binders,BindMaster Deluxe,15.99,8,0.13
PRO00564,Office Supplies,Envelopes,Eagleseal Premiun,8.99,3.5,0
PRO00565,Office Supplies,Supplies,Pinecarft Wood Stain ,29.99,12.5,0.1
PRO00566,Office Supplies,Art,Pencil,9,5,0.1
PRO00567,Office Supplies,Envelopes,Eagleseal Premiun,8.99,3.5,0.11
PRO00568,Furniture,Furnishings,Luxecushion Set,99,59,0.12
PRO00569,Technology,Phones,Samsung,999,599.65,0.12
PRO00570,Office Supplies,Fasteners,Secure Fix ,14.99,7.5,0.1
PRO00571,Office Supplies,Supplies,Pinecarft Wood Stain ,29.99,12.5,0
PRO00572,Office Supplies,Art,Pencil,9,5,0
PRO00573,Office Supplies,Art,Pencil,9,5,0
PRO00574,Office Supplies,Art,Pencil,9,5,0
PRO00575,Office Supplies,Supplies,Pinecarft Wood Stain ,29.99,12.5,0
PRO00576,Office Supplies,Binders,BindMaster Deluxe,15.99,8,0
PRO00577,Office Supplies,Fasteners,Secure Fix ,14.99,7.5,0.12
PRO00578,Office Supplies,Binders,BindMaster Deluxe,15.99,8,0.15
PRO00579,Technology,Copiers,Copy Xpert,29.99,18.56,0.12
PRO00580,Technology,Phones,Samsung,999,599.65,0.1
PRO00581,Technology,Copiers,Copy Xpert,29.99,18.56,0.1
PRO00582,Office Supplies,Storage,Horizon Storage,159,80,0.1
PRO00583,Office Supplies,Supplies,Pinecarft Wood Stain ,29.99,12.5,0.12
PRO00584,Office Supplies,Storage,Horizon Storage,159,80,0
PRO00585,Office Supplies,Binders,BindMaster Deluxe,15.99,8,0
PRO00586,Furniture,Furnishings,Luxecushion Set,99,59,0
PRO00587,Furniture,Tables,Horizon Folding Table,229,120,0.1
PRO00588,Furniture,Chairs,StyleSit Modern,249,150,0.12
PRO00589,Technology,Accessories,Card Reader,59.54,39.58,0.13
PRO00590,Furniture,Furnishings,Luxecushion Set,99,59,0
PRO00591,Office Supplies,Storage,Horizon Storage,159,80,0
PRO00592,Furniture,Chairs,StyleSit Modern,249,150,0.12
PRO00593,Office Supplies,Paper,Eco Paper Roll,29.99,15,0.1
PRO00594,Office Supplies,Storage,Horizon Storage,159,80,0.1
PRO00595,Office Supplies,Storage,Horizon Storage,159,80,0.11
PRO00596,Office Supplies,Binders,BindMaster Deluxe,15.99,8,0.12
PRO00597,Office Supplies,Binders,BindMaster Deluxe,15.99,8,0.12
PRO00598,Office Supplies,Labels,Elite Tag Stickers,9.99,4.5,0.1
PRO00599,Office Supplies,Binders,BindMaster Deluxe,15.99,8,0
PRO00600,Office Supplies,Binders,BindMaster Deluxe,15.99,8,0
PRO00601,Furniture,Chairs,StyleSit Modern,249,150,0
PRO00602,Technology,Copiers,Copy Xpert,29.99,18.56,0
PRO00603,Furniture,Furnishings,Luxecushion Set,99,59,0
PRO00604,Technology,Copiers,Copy Xpert,29.99,18.56,0
PRO00605,Technology,Phones,Samsung,999,599.65,0.12
PRO00606,Office Supplies,Storage,Horizon Storage,159,80,0.15
PRO00607,Office Supplies,Paper,Eco Paper Roll,29.99,15,0.12
PRO00608,Technology,Phones,Samsung,999,599.65,0.1
PRO00609,Office Supplies,Art,Pencil,9,5,0.1
PRO00610,Office Supplies,Envelopes,Eagleseal Premiun,8.99,3.5,0.1
PRO00611,Office Supplies,Supplies,Pinecarft Wood Stain ,29.99,12.5,0.12
PRO00612,Furniture,Furnishings,Luxecushion Set,99,59,0
PRO00613,Office Supplies,Storage,Horizon Storage,159,80,0
PRO00614,Technology,Accessories,Card Reader,59.54,39.58,0
PRO00615,Office Supplies,Supplies,Ever Glow,19.99,8.5,0.1
PRO00616,Office Supplies,Fasteners,Secure Fix ,14.99,7.5,0.12
PRO00617,Technology,Phones,Samsung,999,599.65,0.13
PRO00618,Office Supplies,Art,Notepad,39,25,0
PRO00619,Office Supplies,Binders,Officeplus Binder,6.99,3,0
PRO00620,Office Supplies,Binders,Officeplus Binder,6.99,3,0.12
PRO00621,Office Supplies,Art,Notepad,39,25,0.1
PRO00622,Office Supplies,Art,Notepad,39,25,0.1
PRO00623,Office Supplies,Storage,Horizon Storage,159,80,0.1
PRO00624,Office Supplies,Storage,Horizon Storage,159,80,0.11
PRO00625,Furniture,Bookcases,Literati Luxe,349,210,0.12
PRO00626,Technology,Phones,Samsung,999,599.65,0.12
PRO00627,Technology,Copiers,Copy Xpert,29.99,18.56,0.1
PRO00628,Furniture,Bookcases,Literati Luxe,349,210,0
PRO00629,Furniture,Chairs,StyleSit Modern,249,150,0
PRO00630,Furniture,Tables,Horizon Folding Table,229,120,0
PRO00631,Office Supplies,Supplies,Ever Glow,19.99,8.5,0
PRO00632,Technology,Phones,Samsung,999,599.65,0
PRO00633,Technology,Machines,Inno Machine 5000,3499,2999,0
PRO00634,Technology,Accessories,Keyboard,99.23,45.56,0.12
PRO00635,Office Supplies,Storage,Horizon Storage,159,80,0.15
PRO00636,Office Supplies,Art,Notepad,39,25,0.12
PRO00637,Office Supplies,Appliances,Whiteboard Markers,39,12,0.1
PRO00638,Office Supplies,Art,Notepad,39,25,0.1
PRO00639,Furniture,Furnishings,Luxecushion Set,99,59,0.1
PRO00640,Office Supplies,Paper,Eco Paper Roll,29.99,15,0.12
PRO00641,Furniture,Furnishings,Luxecushion Set,99,59,0
PRO00642,Office Supplies,Appliances,Whiteboard Markers,39,12,0
PRO00643,Office Supplies,Paper,Eco Paper Roll,29.99,15,0
PRO00644,Office Supplies,Paper,Eco Paper Roll,29.99,15,0.1
PRO00645,Office Supplies,Fasteners,Secure Fix ,14.99,7.5,0.12
PRO00646,Furniture,Chairs,StyleSit Modern,249,150,0.13
PRO00647,Technology,Machines,Inno Machine 5000,3499,2999,0
PRO00648,Technology,Accessories,Keyboard,99.23,45.56,0
PRO00649,Office Supplies,Appliances,Whiteboard Markers,39,12,0.12
PRO00650,Technology,Machines,Inno Machine 5000,3499,2999,0.1
PRO00651,Furniture,Chairs,StyleSit Modern,249,150,0.1
PRO00652,Technology,Phones,Samsung,999,599.65,0.1
PRO00653,Furniture,Chairs,StyleSit Modern,249,150,0.11
PRO00654,Office Supplies,Appliances,Whiteboard Markers,39,12,0.12
PRO00655,Furniture,Furnishings,Luxecushion Set,99,59,0.12
PRO00656,Technology,Copiers,Copy Xpert,29.99,18.56,0.1
PRO00657,Office Supplies,Art,Notepad,39,25,0
PRO00658,Technology,Phones,Samsung,999,599.65,0
PRO00659,Furniture,Furnishings,Luxecushion Set,99,59,0
PRO00660,Office Supplies,Paper,Eco Paper Roll,29.99,15,0
PRO00661,Office Supplies,Binders,Officeplus Binder,6.99,3,0
PRO00662,Office Supplies,Labels,Elite Tag Stickers,9.99,4.5,0
PRO00663,Furniture,Bookcases,Literati Luxe,349,210,0.12
PRO00664,Office Supplies,Art,Notepad,39,25,0.15
PRO00665,Office Supplies,Binders,Officeplus Binder,6.99,3,0.12
PRO00666,Technology,Phones,Samsung,999,599.65,0.1
PRO00667,Furniture,Furnishings,Velvet Touch Rug,249,150,0.1
PRO00668,Office Supplies,Fasteners,Secure Fix ,14.99,7.5,0.1
PRO00669,Office Supplies,Binders,Officeplus Binder,6.99,3,0.12
PRO00670,Office Supplies,Envelopes,Eagleseal Premiun,8.99,3.5,0
PRO00671,Office Supplies,Art,Notepad,39,25,0
PRO00672,Office Supplies,Appliances,Whiteboard Markers,39,12,0
PRO00673,Office Supplies,Labels,Elite Tag Stickers,9.99,4.5,0.1
PRO00674,Office Supplies,Art,Notepad,39,25,0.12
PRO00675,Office Supplies,Binders,Officeplus Binder,6.99,3,0.13
PRO00676,Technology,Phones,Samsung,999,599.65,0
PRO00677,Office Supplies,Appliances,Whiteboard Markers,39,12,0
PRO00678,Technology,Accessories,Keyboard,99.23,45.56,0.12
PRO00679,Technology,Machines,Inno Machine 5000,3499,2999,0.1
PRO00680,Furniture,Chairs,StyleSit Modern,249,150,0.12
PRO00681,Office Supplies,Paper,Eco Paper Roll,29.99,15,0.1
PRO00682,Office Supplies,Supplies,Ever Glow,19.99,8.5,0.1
PRO00683,Office Supplies,Fasteners,Locktight Pro,10.99,10.99,0.11
PRO00684,Office Supplies,Appliances,Whiteboard Markers,39,12,0.12
PRO00685,Office Supplies,Supplies,Ever Glow,19.99,8.5,0.12
PRO00686,Office Supplies,Art,Notepad,39,25,0.1
PRO00687,Office Supplies,Paper,Eco Paper Roll,29.99,15,0
PRO00688,Office Supplies,Fasteners,Locktight Pro,10.99,10.99,0
PRO00689,Office Supplies,Binders,Officeplus Binder,6.99,3,0
PRO00690,Office Supplies,Labels,Elite Tag Stickers,9.99,4.5,0
PRO00691,Office Supplies,Fasteners,Locktight Pro,10.99,10.99,0
PRO00692,Office Supplies,Supplies,Ever Glow,19.99,8.5,0
PRO00693,Furniture,Furnishings,Velvet Touch Rug,249,150,0.12
PRO00694,Office Supplies,Storage,Horizon Storage,159,80,0.15
PRO00695,Technology,Machines,Inno Machine 5000,3499,2999,0.12
PRO00696,Furniture,Tables,Horizon Folding Table,229,120,0.1
PRO00697,Office Supplies,Storage,Horizon Storage,159,80,0.1
PRO00698,Technology,Copiers,Copy Xpert,29.99,18.56,0.1
PRO00699,Office Supplies,Paper,Eco Paper Roll,29.99,15,0.12
PRO00700,Furniture,Bookcases,Literati Luxe,349,210,0
PRO00701,Office Supplies,Envelopes,Eagleseal Premiun,8.99,3.5,0
PRO00702,Technology,Phones,Samsung,999,599.65,0
PRO00703,Furniture,Chairs,StyleSit Modern,249,150,0.1
PRO00704,Office Supplies,Art,Notepad,39,25,0.12
PRO00705,Technology,Phones,Samsung,999,599.65,0.13
PRO00706,Technology,Accessories,Keyboard,99.23,45.56,0
PRO00707,Office Supplies,Fasteners,Locktight Pro,10.99,10.99,0
PRO00708,Office Supplies,Labels,Elite Tag Stickers,9.99,4.5,0.12
PRO00709,Technology,Machines,Inno Machine 5000,3499,2999,0.1
PRO00710,Office Supplies,Storage,Mesa Valley Storage,89,40,0.13
PRO00711,Office Supplies,Fasteners,Locktight Pro,10.99,10.99,0.1
PRO00712,Office Supplies,Storage,Mesa Valley Storage,89,40,0.1
PRO00713,Office Supplies,Labels,Elite Tag Stickers,9.99,4.5,0.11
PRO00714,Office Supplies,Paper,Eco Paper Roll,29.99,15,0.12
PRO00715,Furniture,Furnishings,Velvet Touch Rug,249,150,0.12
PRO00716,Technology,Machines,Inno Machine 5000,3499,2999,0.1
PRO00717,Office Supplies,Binders,Officeplus Binder,6.99,3,0
PRO00718,Furniture,Furnishings,Velvet Touch Rug,249,150,0
PRO00719,Furniture,Tables,Horizon Folding Table,229,120,0
PRO00720,Technology,Machines,Inno Machine 5000,3499,2999,0
PRO00721,Office Supplies,Binders,Officeplus Binder,6.99,3,0
PRO00722,Technology,Phones,Samsung,999,599.65,0
PRO00723,Office Supplies,Fasteners,Locktight Pro,10.99,10.99,0.12
PRO00724,Technology,Accessories,Keyboard,99.23,45.56,0.15
PRO00725,Office Supplies,Storage,Mesa Valley Storage,89,40,0.12
PRO00726,Office Supplies,Storage,Mesa Valley Storage,89,40,0.1
PRO00727,Office Supplies,Binders,Officeplus Binder,6.99,3,0.1
PRO00728,Office Supplies,Binders,Officeplus Binder,6.99,3,0.1
PRO00729,Office Supplies,Art,Notepad,39,25,0.12
PRO00730,Office Supplies,Envelopes,Eagleseal Premiun,8.99,3.5,0
PRO00731,Office Supplies,Binders,Officeplus Binder,6.99,3,0
PRO00732,Office Supplies,Binders,Officeplus Binder,6.99,3,0
PRO00733,Office Supplies,Paper,Eco Paper Roll,29.99,15,0.1
PRO00734,Office Supplies,Labels,Elite Tag Stickers,9.99,4.5,0.12
PRO00735,Office Supplies,Labels,Elite Tag Stickers,9.99,4.5,0.13
PRO00736,Technology,Copiers,Copy Xpert,29.99,18.56,0
PRO00737,Furniture,Bookcases,Literati Luxe,349,210,0
PRO00738,Furniture,Chairs,StyleSit Modern,249,150,0.12
PRO00739,Furniture,Chairs,StyleSit Modern,249,150,0.1
PRO00740,Technology,Phones,Samsung,999,599.65,0.12
PRO00741,Office Supplies,Binders,Officeplus Binder,6.99,3,0.1
PRO00742,Office Supplies,Supplies,Ever Glow,19.99,8.5,0.1
PRO00743,Office Supplies,Paper,Eco Paper Roll,29.99,15,0.11
PRO00744,Office Supplies,Envelopes,Eagleseal Premiun,8.99,3.5,0.12
PRO00745,Office Supplies,Paper,Eco Paper Roll,29.99,15,0.12
PRO00746,Furniture,Chairs,StyleSit Modern,249,150,0.1
PRO00747,Furniture,Bookcases,Literati Luxe,349,210,0
PRO00748,Technology,Phones,Samsung,999,599.65,0
PRO00749,Technology,Copiers,Smart Colne Lite,19.99,10.23,0
PRO00750,Technology,Accessories,Gaming Mouse,59.21,37.23,0
PRO00751,Technology,Machines,Inno Machine 5000,3499,2999,0
PRO00752,Office Supplies,Envelopes,Eagleseal Premiun,8.99,3.5,0
PRO00753,Technology,Phones,Samsung,999,599.65,0.12
PRO00754,Office Supplies,Binders,Officeplus Binder,6.99,3,0.15
PRO00755,Office Supplies,Storage,Mesa Valley Storage,89,40,0.12
PRO00756,Technology,Machines,Inno Machine 5000,3499,2999,0.1
PRO00757,Office Supplies,Storage,Mesa Valley Storage,89,40,0.1
PRO00758,Technology,Machines,Inno Machine 5000,3499,2999,0.1
PRO00759,Office Supplies,Binders,Officeplus Binder,6.99,3,0.12
PRO00760,Technology,Copiers,Smart Colne Lite,19.99,10.23,0.1
PRO00761,Technology,Accessories,Gaming Mouse,59.21,37.23,0.1
PRO00762,Office Supplies,Binders,Officeplus Binder,6.99,3,0.11
PRO00763,Office Supplies,Paper,Eco Paper Roll,29.99,15,0.12
PRO00764,Office Supplies,Binders,Officeplus Binder,6.99,3,0.12
PRO00765,Office Supplies,Labels,Elite Tag Stickers,9.99,4.5,0.1
PRO00766,Office Supplies,Paper,Eco Paper Roll,29.99,15,0
PRO00767,Office Supplies,Binders,Officeplus Binder,6.99,3,0
PRO00768,Technology,Machines,Inno Machine 5000,3499,2999,0
PRO00769,Technology,Phones,Samsung,999,599.65,0
PRO00770,Office Supplies,Storage,Mesa Valley Storage,89,40,0
PRO00771,Office Supplies,Paper,Eco Paper Roll,29.99,15,0
PRO00772,Office Supplies,Fasteners,Locktight Pro,10.99,10.99,0.12
PRO00773,Furniture,Furnishings,Velvet Touch Rug,249,150,0.15
PRO00774,Office Supplies,Fasteners,Locktight Pro,10.99,10.99,0.12
PRO00775,Technology,Copiers,Smart Colne Lite,19.99,10.23,0.1
PRO00776,Office Supplies,Paper,Eco Paper Roll,29.99,15,0.1
PRO00777,Office Supplies,Labels,Elite Tag Stickers,9.99,4.5,0.1
PRO00778,Office Supplies,Paper,Eco Paper Roll,29.99,15,0.12
PRO00779,Office Supplies,Labels,Elite Tag Stickers,9.99,4.5,0
PRO00780,Office Supplies,Binders,Officeplus Binder,6.99,3,0
PRO00781,Technology,Copiers,Smart Colne Lite,19.99,10.23,0.1
PRO00782,Furniture,Bookcases,Literati Luxe,349,210,0.1
PRO00783,Technology,Machines,Inno Machine 5000,3499,2999,0.11
PRO00784,Furniture,Furnishings,Velvet Touch Rug,249,150,0.12
PRO00785,Office Supplies,Storage,Mesa Valley Storage,89,40,0.12
PRO00786,Office Supplies,Supplies,Ever Glow,19.99,8.5,0.1
PRO00787,Furniture,Chairs,StyleSit Modern,249,150,0
PRO00788,Furniture,Chairs,StyleSit Modern,249,150,0
PRO00789,Technology,Phones,Samsung,999,599.65,0
PRO00790,Office Supplies,Supplies,Ever Glow,19.99,8.5,0
PRO00791,Technology,Phones,Samsung,999,599.65,0
PRO00792,Technology,Accessories,Gaming Mouse,59.21,37.23,0
PRO00793,Office Supplies,Supplies,Ever Glow,19.99,8.5,0.12
PRO00794,Furniture,Furnishings,Velvet Touch Rug,249,150,0.15
PRO00795,Office Supplies,Art,Notepad,39,25,0.12
PRO00796,Technology,Accessories,Gaming Mouse,59.21,37.23,0.1
PRO00797,Technology,Phones,Samsung,999,599.65,0.1
PRO00798,Office Supplies,Supplies,Ever Glow,19.99,8.5,0.1
PRO00799,Technology,Accessories,Gaming Mouse,59.21,37.23,0.12
PRO00800,Office Supplies,Paper,Eco Paper Roll,29.99,15,0
PRO00801,Technology,Machines,Inno Machine 5000,3499,2999,0.1
PRO00802,Office Supplies,Appliances,Whiteboard Markers,39,12,0.1
PRO00803,Furniture,Furnishings,Velvet Touch Rug,249,150,0.11
PRO00804,Technology,Machines,Inno Machine 5000,3499,2999,0.12
PRO00805,Office Supplies,Appliances,Whiteboard Markers,39,12,0.12
PRO00806,Furniture,Furnishings,Velvet Touch Rug,249,150,0.1
PRO00807,Technology,Accessories,Gaming Mouse,59.21,37.23,0
PRO00808,Technology,Accessories,Gaming Mouse,59.21,37.23,0
PRO00809,Office Supplies,Binders,Officeplus Binder,6.99,3,0
PRO00810,Office Supplies,Art,Notepad,39,25,0
PRO00811,Office Supplies,Art,Notepad,39,25,0
PRO00812,Office Supplies,Storage,Mesa Valley Storage,89,40,0
PRO00813,Furniture,Bookcases,Literati Luxe,349,210,0.12
PRO00814,Technology,Accessories,Gaming Mouse,59.21,37.23,0.15
PRO00815,Office Supplies,Appliances,Whiteboard Markers,39,12,0.12
PRO00816,Furniture,Chairs,StyleSit Modern,249,150,0.1
PRO00817,Furniture,Chairs,StyleSit Modern,249,150,0.1
PRO00818,Furniture,Chairs,StyleSit Modern,249,150,0.1
PRO00819,Office Supplies,Storage,Mesa Valley Storage,89,40,0.12
PRO00820,Technology,Machines,Inno Machine 5000,3499,2999,0
PRO00821,Furniture,Chairs,StyleSit Modern,249,150,0
PRO00822,Technology,Copiers,Smart Colne Lite,19.99,10.23,0
PRO00823,Furniture,Tables,Horizon Folding Table,229,120,0.1
PRO00824,Office Supplies,Art,Notepad,39,25,0.12
PRO00825,Furniture,Chairs,StyleSit Modern,249,150,0.13
PRO00826,Furniture,Chairs,StyleSit Modern,249,150,0
PRO00827,Office Supplies,Storage,Mesa Valley Storage,89,40,0
PRO00828,Technology,Phones,Samsung,999,599.65,0.1
PRO00829,Office Supplies,Art,Notepad,39,25,0.1
PRO00830,Technology,Machines,Inno Machine 5000,3499,2999,0.11
PRO00831,Furniture,Furnishings,Velvet Touch Rug,249,150,0.12
PRO00832,Furniture,Chairs,StyleSit Modern,249,150,0.12
PRO00833,Office Supplies,Envelopes,Eagleseal Premiun,8.99,3.5,0.1
PRO00834,Technology,Accessories,Gaming Mouse,59.21,37.23,0
PRO00835,Technology,Phones,Oneplus 15,799,687.69,0
PRO00836,Furniture,Bookcases,Literati Luxe,349,210,0
PRO00837,Office Supplies,Storage,Mesa Valley Storage,89,40,0
PRO00838,Office Supplies,Storage,Mesa Valley Storage,89,40,0
PRO00839,Office Supplies,Art,Notepad,39,25,0
PRO00840,Office Supplies,Storage,Mesa Valley Storage,89,40,0.12
PRO00841,Office Supplies,Storage,Mesa Valley Storage,89,40,0.15
PRO00842,Furniture,Furnishings,Velvet Touch Rug,249,150,0.12
PRO00843,Technology,Machines,Inno Machine 5000,3499,2999,0.1
PRO00844,Office Supplies,Binders,Officeplus Binder,6.99,3,0.1
PRO00845,Technology,Machines,Inno Machine 5000,3499,2999,0.1
PRO00846,Office Supplies,Supplies,Ever Glow,19.99,8.5,0.12
PRO00847,Office Supplies,Paper,Eco Paper Roll,29.99,15,0
PRO00848,Office Supplies,Storage,Mesa Valley Storage,89,40,0
PRO00849,Office Supplies,Art,Notepad,39,25,0
PRO00850,Office Supplies,Art,Notepad,39,25,0.1
PRO00851,Office Supplies,Storage,Mesa Valley Storage,89,40,0.12
PRO00852,Office Supplies,Fasteners,Locktight Pro,10.99,10.99,0.1
PRO00853,Office Supplies,Labels,Elite Tag Stickers,9.99,4.5,0.1
PRO00854,Furniture,Chairs,StyleSit Modern,249,150,0.11
PRO00855,Office Supplies,Fasteners,Locktight Pro,10.99,10.99,0.12
PRO00856,Office Supplies,Paper,Eco Paper Roll,29.99,15,0.12
PRO00857,Office Supplies,Labels,Elite Tag Stickers,9.99,4.5,0.1
PRO00858,Office Supplies,Storage,Mesa Valley Storage,89,40,0
PRO00859,Office Supplies,Binders,Officeplus Binder,6.99,3,0
PRO00860,Office Supplies,Binders,Officeplus Binder,6.99,3,0
PRO00861,Office Supplies,Binders,Officeplus Binder,6.99,3,0
PRO00862,Office Supplies,Storage,Mesa Valley Storage,89,40,0
PRO00863,Office Supplies,Appliances,Stapler,59,39.23,0
PRO00864,Technology,Phones,Oneplus 15,799,687.69,0.12
PRO00865,Furniture,Bookcases,Literati Luxe,349,210,0.15
PRO00866,Furniture,Bookcases,Literati Luxe,349,210,0.12
PRO00867,Furniture,Chairs,StyleSit Modern,249,150,0.1
PRO00868,Furniture,Chairs,StyleSit Modern,249,150,0.1
PRO00869,Technology,Copiers,Smart Colne Lite,19.99,10.23,0.1
PRO00870,Office Supplies,Storage,Mesa Valley Storage,89,40,0.12
PRO00871,Technology,Accessories,Scanner,299.99,187.89,0
PRO00872,Office Supplies,Binders,Officeplus Binder,6.99,3,0
PRO00873,Office Supplies,Paper,Eco Paper Roll,29.99,15,0
PRO00874,Office Supplies,Paper,Eco Paper Roll,29.99,15,0.1
PRO00875,Office Supplies,Art,Notepad,39,25,0.12
PRO00876,Office Supplies,Envelopes,Eagleseal Premiun,8.99,3.5,0.13
PRO00877,Office Supplies,Paper,Eco Paper Roll,29.99,15,0
PRO00878,Technology,Machines,Hyper Mach Plus,"1,399",1265.56,0.1
PRO00879,Furniture,Chairs,StyleSit Modern,249,150,0.1
PRO00880,Furniture,Chairs,StyleSit Modern,249,150,0.11
PRO00881,Technology,Machines,Hyper Mach Plus,"1,399",1265.56,0.12
PRO00882,Technology,Machines,Hyper Mach Plus,"1,399",1265.56,0.12
PRO00883,Technology,Machines,Hyper Mach Plus,"1,399",1265.56,0.1
PRO00884,Technology,Copiers,Smart Colne Lite,19.99,10.23,0
PRO00885,Furniture,Bookcases,Literati Luxe,349,210,0
PRO00886,Furniture,Tables,Horizon Folding Table,229,120,0
PRO00887,Furniture,Bookcases,Literati Luxe,349,210,0
PRO00888,Office Supplies,Binders,Officeplus Binder,6.99,3,0
PRO00889,Technology,Phones,Oneplus 15,799,687.69,0
PRO00890,Technology,Copiers,Smart Colne Lite,19.99,10.23,0.12
PRO00891,Office Supplies,Appliances,Stapler,59,39.23,0.15
PRO00892,Office Supplies,Appliances,Stapler,59,39.23,0.12
PRO00893,Furniture,Furnishings,Velvet Touch Rug,249,150,0.1
PRO00894,Office Supplies,Storage,Mesa Valley Storage,89,40,0.1
PRO00895,Technology,Phones,Oneplus 15,799,687.69,0.1
PRO00896,Office Supplies,Fasteners,Locktight Pro,10.99,10.99,0.12
PRO00897,Technology,Accessories,Scanner,299.99,187.89,0
PRO00898,Office Supplies,Storage,Mesa Valley Storage,89,40,0
PRO00899,Office Supplies,Binders,Officeplus Binder,6.99,3,0
PRO00900,Office Supplies,Binders,Officeplus Binder,6.99,3,0.1
PRO00901,Office Supplies,Storage,Mesa Valley Storage,89,40,0.12
PRO00902,Furniture,Chairs,StyleSit Modern,249,150,0.13
PRO00903,Office Supplies,Storage,Mesa Valley Storage,89,40,0
PRO00904,Office Supplies,Fasteners,Locktight Pro,10.99,10.99,0
PRO00905,Office Supplies,Labels,Elite Tag Stickers,9.99,4.5,0.12
PRO00906,Office Supplies,Labels,Elite Tag Stickers,9.99,4.5,0.1
PRO00907,Office Supplies,Envelopes,Eagleseal Premiun,8.99,3.5,0
PRO00908,Office Supplies,Art,Notepad,39,25,0.1
PRO00909,Office Supplies,Art,Notepad,39,25,0.1
PRO00910,Technology,Phones,Oneplus 15,799,687.69,0.11
PRO00911,Office Supplies,Fasteners,Locktight Pro,10.99,10.99,0.12
PRO00912,Technology,Phones,Oneplus 15,799,687.69,0.12
PRO00913,Office Supplies,Storage,Mesa Valley Storage,89,40,0.1
PRO00914,Office Supplies,Binders,Officeplus Binder,6.99,3,0
PRO00915,Office Supplies,Supplies,Ever Glow,19.99,8.5,0
PRO00916,Technology,Machines,Hyper Mach Plus,"1,399",1265.56,0
PRO00917,Technology,Copiers,Smart Colne Lite,19.99,10.23,0
PRO00918,Office Supplies,Art,Notepad,39,25,0
PRO00919,Technology,Accessories,Scanner,299.99,187.89,0
PRO00920,Office Supplies,Paper,Eco Paper Roll,29.99,15,0.12
PRO00921,Office Supplies,Art,Notepad,39,25,0.15
PRO00922,Office Supplies,Binders,Officeplus Binder,6.99,3,0.12
PRO00923,Office Supplies,Art,Notepad,39,25,0.1
PRO00924,Office Supplies,Binders,Officeplus Binder,6.99,3,0.1
PRO00925,Office Supplies,Supplies,Ever Glow,19.99,8.5,0.1
PRO00926,Office Supplies,Envelopes,Eagleseal Premiun,8.99,3.5,0.12
PRO00927,Office Supplies,Binders,Officeplus Binder,6.99,3,0
PRO00928,Technology,Accessories,Scanner,299.99,187.89,0
PRO00929,Furniture,Chairs,StyleSit Modern,249,150,0
PRO00930,Furniture,Chairs,StyleSit Modern,249,150,0.1
PRO00931,Office Supplies,Storage,Mesa Valley Storage,89,40,0.12
PRO00932,Office Supplies,Art,Notepad,39,25,0.13
PRO00933,Furniture,Chairs,StyleSit Modern,249,150,0
PRO00934,Office Supplies,Storage,Mesa Valley Storage,89,40,0
PRO00935,Office Supplies,Fasteners,Locktight Pro,10.99,10.99,0.12
PRO00936,Office Supplies,Binders,Officeplus Binder,6.99,3,0.1
PRO00937,Technology,Phones,Oneplus 15,799,687.69,0.1
PRO00938,Office Supplies,Binders,Officeplus Binder,6.99,3,0.1
PRO00939,Office Supplies,Art,Notepad,39,25,0.11
PRO00940,Furniture,Bookcases,Literati Luxe,349,210,0.12
PRO00941,Office Supplies,Storage,Mesa Valley Storage,89,40,0.12
PRO00942,Office Supplies,Storage,Mesa Valley Storage,89,40,0.1
PRO00943,Office Supplies,Storage,Mesa Valley Storage,89,40,0
PRO00944,Office Supplies,Envelopes,Eagleseal Premiun,8.99,3.5,0
PRO00945,Office Supplies,Art,Envelope,10,5,0
PRO00946,Furniture,Chairs,StyleSit Modern,249,150,0
PRO00947,Technology,Phones,Oneplus 15,799,687.69,0
PRO00948,Furniture,Tables,Horizon Folding Table,229,120,0
PRO00949,Office Supplies,Appliances,Stapler,59,39.23,0.12
PRO00950,Technology,Phones,Oneplus 15,799,687.69,0.15
PRO00951,Technology,Copiers,Smart Colne Lite,19.99,10.23,0.12
PRO00952,Technology,Copiers,Smart Colne Lite,19.99,10.23,0.1
PRO00953,Technology,Phones,Oneplus 15,799,687.69,0.1
PRO00954,Technology,Copiers,Smart Colne Lite,19.99,10.23,0.1
PRO00955,Technology,Phones,Oneplus 15,799,687.69,0.12
PRO00956,Technology,Accessories,Scanner,299.99,187.89,0
PRO00957,Technology,Machines,Hyper Mach Plus,"1,399",1265.56,0
PRO00958,Office Supplies,Fasteners,Locktight Pro,10.99,10.99,0
PRO00959,Technology,Machines,Hyper Mach Plus,"1,399",1265.56,0.1
PRO00960,Furniture,Furnishings,Velvet Touch Rug,249,150,0.12
PRO00961,Technology,Accessories,Scanner,299.99,187.89,0.13
PRO00962,Office Supplies,Supplies,Ever Glow,19.99,8.5,0
PRO00963,Office Supplies,Binders,Officeplus Binder,6.99,3,0
PRO00964,Office Supplies,Fasteners,Locktight Pro,10.99,10.99,0.12
PRO00965,Office Supplies,Binders,Officeplus Binder,6.99,3,0.1
PRO00966,Office Supplies,Paper,Eco Paper Roll,29.99,15,0
PRO00967,Office Supplies,Binders,Officeplus Binder,6.99,3,0.1
PRO00968,Office Supplies,Fasteners,Locktight Pro,10.99,10.99,0.1
PRO00969,Office Supplies,Art,Envelope,10,5,0.11
PRO00970,Office Supplies,Binders,Officeplus Binder,6.99,3,0.12
PRO00971,Furniture,Furnishings,Velvet Touch Rug,249,150,0.12
PRO00972,Office Supplies,Envelopes,Eagleseal Premiun,8.99,3.5,0.1
PRO00973,Office Supplies,Labels,Elite Tag Stickers,9.99,4.5,0
PRO00974,Office Supplies,Art,Envelope,10,5,0
PRO00975,Technology,Copiers,Smart Colne Lite,19.99,10.23,0
PRO00976,Office Supplies,Art,Envelope,10,5,0
PRO00977,Office Supplies,Labels,Elite Tag Stickers,9.99,4.5,0
PRO00978,Office Supplies,Storage,Mesa Valley Storage,89,40,0
PRO00979,Office Supplies,Fasteners,Locktight Pro,10.99,10.99,0.12
PRO00980,Technology,Copiers,Smart Colne Lite,19.99,10.23,0.15
PRO00981,Technology,Phones,Oneplus 15,799,687.69,0.12
PRO00982,Office Supplies,Storage,Mesa Valley Storage,89,40,0.1
PRO00983,Furniture,Chairs,StyleSit Modern,249,150,0.1
PRO00984,Office Supplies,Art,Envelope,10,5,0.1
PRO00985,Furniture,Chairs,StyleSit Modern,249,150,0.12
PRO00986,Furniture,Chairs,StyleSit Modern,249,150,0
PRO00987,Office Supplies,Storage,Mesa Valley Storage,89,40,0
PRO00988,Technology,Phones,Oneplus 15,799,687.69,0.1
PRO00989,Office Supplies,Art,Envelope,10,5,0.1
PRO00990,Office Supplies,Fasteners,Locktight Pro,10.99,10.99,0.11
PRO00991,Office Supplies,Paper,Eco Paper Roll,29.99,15,0.12
PRO00992,Technology,Machines,Hyper Mach Plus,"1,399",1265.56,0.12
PRO00993,Technology,Phones,Oneplus 15,799,687.69,0.1
PRO00994,Technology,Phones,Oneplus 15,799,687.69,0
PRO00995,Office Supplies,Binders,Officeplus Binder,6.99,3,0
PRO00996,Technology,Accessories,Scanner,299.99,187.89,0
PRO00997,Technology,Copiers,Smart Colne Lite,19.99,10.23,0
PRO00998,Office Supplies,Paper,Eco Paper Roll,29.99,15,0
PRO00999,Office Supplies,Appliances,Stapler,59,39.23,0
